sale_id,product_id,customer_id,sale_date,quantity,price_per_item
1,P006,C1006,2024-03-13,1,166.03
2,P006,C1026,2024-10-02,1,26.32
3,P002,C1007,04/03/2024,1,167.09
4,P004,C1003,2024-11-21,3,121.24
5,P004,C1007,01/18/2024,2,37.4
6,P005,C1040,2024-09-27,1,120.49
7,P004,C1039,2024/06/04,1,117.22
8,P004,C1029,08/22/2024,1,98.45
9,P006,C1019,2024/05/08,1,25.54
10,P008,C1007,06/24/2024,3,196.22
11,P007,C1042,2024-03-25,2,90.11
12,P002,C1031,09/19/2024,,76.52
13,P008,C1004,02/27/2024,2,142.43
14,P001,C1028,2024/12/23,3,198.68
15,P005,C1022,12/13/2024,1,188.71
16,P003,C1008,2024-10-04,1,155.95
17,P004,C1035,2024-07-13,1,95.34
18,P005,C1022,2024/03/27,1,144.21
19,P007,C1014,2024-04-05,1,54.06
20,P001,C1009,2024-08-27,1,63.56
21,P007,C1044,2024/09/12,1,191.08
22,P001,C1025,2024/08/28,2,85.62
23,P002,C1013,2024-08-21,1,22.79
24,P008,C1036,2024/03/04,1,29.44
25,P003,C1013,2024/09/04,1,23.35
26,P007,C1007,03/21/2024,3,79.18
27,P002,C1006,08/15/2024,1,26.31
28,P006,C1013,2024/12/09,1,108.09
29,P006,C1041,2024-03-23,3,66.63
30,P002,C1022,2024/12/28,1,182.56
31,P004,C1050,09/18/2024,,52.37
32,P004,C1031,2024/04/27,1,47.97
33,P006,C1044,12/01/2024,2,59.23
34,P006,C1006,08/26/2024,1,25.29
35,P004,C1039,2024-08-07,2,128.56
36,P001,C1007,2024/08/21,1,168.57
37,P007,C1040,12/25/2024,1,92.44
38,P006,C1005,02/26/2024,2,86.25
39,P003,C1041,2024-03-05,3,181.91
40,P003,C1009,10/27/2024,,188.11
41,P003,C1008,2024/01/01,1,110.04
42,P007,C1032,2024-04-27,1,50.42
43,P004,C1003,2024/10/11,2,168.49
44,P006,C1032,2024/08/22,2,167.15
45,P003,C1049,2024/09/05,1,175.82
46,P003,C1046,2024-10-01,1,99.95
47,P002,C1030,2024/09/02,3,110.83
48,P002,C1006,2024-09-02,1,18.01
49,P008,C1032,09/01/2024,1,126.37
50,P004,C1032,2024/12/09,3,163.39
51,P004,C1008,2024/12/17,1,169.59
52,P007,C1027,02/13/2024,1,137.51
53,P002,C1041,2024-04-22,1,188.5
54,P006,C1006,03/09/2024,1,151.86
55,P007,C1032,2024-08-06,1,144.19
56,P007,C1023,06/14/2024,1,27.51
57,P001,C1021,06/18/2024,,13.43
58,P005,C1017,2024-09-03,1,25.96
59,P001,C1016,03/09/2024,,165.6
60,P007,C1005,2024/03/18,2,143.07
61,P005,C1017,2024-01-26,2,180.09
62,P001,C1004,2024-11-03,3,172.67
63,P005,C1017,02/15/2024,3,89.36
64,P003,C1016,2024-01-17,1,194.14
65,P001,C1013,2024/03/07,1,110.9
66,P005,C1001,2024-08-17,1,75.92
67,P005,C1012,2024/01/01,3,114.69
68,P008,C1031,2024/04/15,,92.1
69,P007,C1045,2024-09-10,1,75.1
70,P003,C1047,2024-07-12,1,23.43
71,P005,C1032,2024-07-06,,169.83
72,P005,C1010,10/08/2024,1,97.29
73,P005,C1035,08/01/2024,1,194.79
74,P006,C1021,2024-04-02,1,44.75
75,P007,C1032,2024/02/16,,48.18
76,P001,C1025,2024-02-09,2,121.48
77,P001,C1033,2024-05-10,1,121.25
78,P003,C1031,11/23/2024,1,146.92
79,P003,C1045,2024/05/24,1,18.31
80,P007,C1036,2024-12-23,3,153.03
81,P001,C1005,2024/11/19,,132.14
82,P001,C1028,01/05/2024,1,81.55
83,P001,C1016,2024/11/01,,56.46
84,P001,C1005,2024/08/26,3,180.58
85,P002,C1015,12/24/2024,1,170.76
86,P004,C1004,04/24/2024,2,170.64
87,P008,C1004,2024/11/10,,132.11
88,P003,C1036,2024/06/09,,67.83
89,P003,C1006,01/16/2024,1,194.77
90,P004,C1029,2024/11/16,3,64.24
91,P008,C1001,02/18/2024,1,187.88
92,P005,C1013,08/03/2024,1,83.49
93,P002,C1023,2024/10/03,3,59.73
94,P003,C1045,2024/10/27,1,178.49
95,P006,C1031,04/16/2024,1,40.21
96,P008,C1020,2024-07-10,2,75.34
97,P002,C1012,06/01/2024,2,32.8
98,P001,C1037,12/10/2024,1,84.64
99,P002,C1042,2024-06-14,1,29.31
100,P005,C1012,11/05/2024,2,107.07
101,P006,C1046,07/01/2024,3,114.34
102,P002,C1041,01/24/2024,3,153.0
103,P005,C1021,2024-08-02,1,99.7
104,P005,C1041,2024/05/09,,59.42
105,P004,C1041,2024/05/16,2,32.74
106,P003,C1021,02/07/2024,3,51.79
107,P008,C1021,2024-07-05,1,27.23
108,P002,C1001,06/08/2024,3,48.4
109,P007,C1021,2024/07/14,1,81.59
110,P001,C1033,08/09/2024,1,140.47
111,P004,C1027,02/09/2024,2,132.69
112,P005,C1030,01/05/2024,,155.09
113,P008,C1015,2024/01/03,2,194.72
114,P002,C1046,2024/04/05,,30.68
115,P008,C1002,2024-02-18,1,54.18
116,P005,C1048,2024/03/21,,93.1
117,P002,C1016,2024/02/03,3,46.41
118,P004,C1017,2024/10/01,1,199.3
119,P006,C1015,11/27/2024,3,54.6
120,P001,C1031,07/23/2024,1,14.13
121,P007,C1014,2024/02/09,2,185.77
122,P008,C1025,2024/01/23,2,78.83
123,P004,C1031,2024/01/26,3,22.8
124,P004,C1048,2024-05-25,2,52.06
125,P005,C1031,2024/02/20,1,180.32
126,P007,C1001,2024-11-02,2,20.32
127,P003,C1045,2024-07-02,1,84.72
128,P006,C1041,2024-12-04,1,46.22
129,P008,C1021,2024/01/10,2,169.42
130,P008,C1026,2024-03-04,1,25.33
131,P002,C1019,09/25/2024,1,156.05
132,P007,C1028,02/02/2024,1,80.81
133,P004,C1015,06/12/2024,1,130.01
134,P007,C1003,01/13/2024,1,162.62
135,P005,C1021,2024/04/24,1,78.96
136,P001,C1019,2024/05/24,1,185.59
137,P001,C1014,2024/12/25,1,14.6
138,P002,C1031,08/23/2024,1,183.56
139,P003,C1049,2024/08/06,1,166.31
140,P003,C1050,10/08/2024,2,78.74
141,P002,C1041,2024-09-07,1,87.46
142,P001,C1006,08/18/2024,1,196.24
143,P002,C1045,2024-05-20,1,89.99
144,P008,C1043,03/08/2024,2,127.85
145,P004,C1036,2024-12-18,1,65.81
146,P005,C1011,06/09/2024,1,93.48
147,P004,C1025,2024/04/05,1,71.99
148,P005,C1041,2024-04-17,,163.59
149,P008,C1023,01/04/2024,1,169.7
150,P001,C1037,2024-05-08,1,124.08
151,P004,C1049,2024-02-12,2,124.57
152,P001,C1002,2024/02/21,3,76.43
153,P006,C1046,2024-06-05,1,17.25
154,P004,C1039,01/27/2024,,80.63
155,P005,C1026,02/07/2024,3,101.86
156,P002,C1041,2024-07-22,,111.45
157,P003,C1026,07/23/2024,1,136.87
158,P001,C1049,05/24/2024,2,89.11
159,P006,C1000,2024/11/07,2,48.69
160,P007,C1023,2024-03-14,2,119.77
161,P008,C1025,2024-03-05,3,37.06
162,P002,C1022,2024/10/20,3,42.61
163,P005,C1048,2024-03-17,1,82.9
164,P004,C1040,05/05/2024,1,20.13
165,P007,C1014,2024/02/23,1,131.65
166,P007,C1002,10/28/2024,1,117.42
167,P007,C1046,09/06/2024,1,38.39
168,P004,C1007,2024-01-18,,169.25
169,P007,C1019,2024/10/15,1,133.31
170,P004,C1011,07/13/2024,2,105.67
171,P001,C1039,01/20/2024,1,94.89
172,P008,C1022,03/26/2024,1,22.74
173,P007,C1002,2024/06/03,3,134.84
174,P003,C1048,2024/02/24,3,25.18
175,P007,C1046,2024-11-26,1,199.25
176,P002,C1046,04/05/2024,1,140.36
177,P004,C1039,2024/02/27,1,40.16
178,P005,C1016,2024/08/05,2,49.57
179,P004,C1040,2024-06-12,1,86.65
180,P005,C1033,2024-11-11,1,31.85
181,P001,C1044,11/28/2024,3,109.07
182,P002,C1016,05/18/2024,,161.55
183,P007,C1028,06/19/2024,1,155.27
184,P004,C1016,2024-03-20,1,165.76
185,P005,C1047,2024/11/28,1,149.27
186,P001,C1032,2024/04/05,,92.11
187,P006,C1001,2024-01-05,3,134.08
188,P001,C1034,01/19/2024,1,109.38
189,P004,C1039,2024/07/19,1,48.79
190,P008,C1006,2024-03-05,,38.36
191,P002,C1000,11/05/2024,2,164.19
192,P001,C1028,11/27/2024,3,132.65
193,P008,C1025,2024-04-06,1,110.98
194,P003,C1042,2024-04-06,1,126.39
195,P004,C1041,2024/03/14,3,132.1
196,P007,C1003,10/06/2024,1,67.04
197,P008,C1029,12/18/2024,2,151.58
198,P002,C1016,2024-12-21,1,199.35
199,P004,C1016,11/02/2024,,185.77
200,P001,C1033,2024/05/21,2,140.28
201,P005,C1016,2024-05-21,3,12.88
202,P004,C1024,2024/12/07,1,46.46
203,P006,C1034,2024/10/08,,196.51
204,P008,C1027,2024/08/27,1,172.92
205,P004,C1036,10/10/2024,3,121.2
206,P003,C1010,2024-03-02,1,128.16
207,P006,C1041,2024-03-23,1,36.29
208,P001,C1048,2024-12-03,1,172.72
209,P006,C1048,2024/04/27,1,177.14
210,P007,C1048,2024-02-08,1,16.42
211,P002,C1050,11/21/2024,1,35.19
212,P004,C1016,05/11/2024,1,13.96
213,P005,C1018,01/23/2024,3,105.7
214,P001,C1045,2024/07/01,1,75.88
215,P001,C1018,2024/09/19,1,119.15
216,P003,C1003,2024-07-01,1,154.8
217,P001,C1011,06/16/2024,,161.38
218,P008,C1018,10/12/2024,3,189.33
219,P004,C1049,2024-12-08,1,188.35
220,P002,C1022,2024/08/26,1,129.3
221,P002,C1001,2024-07-13,2,178.8
222,P006,C1024,04/10/2024,3,105.22
223,P004,C1041,2024/08/05,,153.06
224,P001,C1028,2024/06/19,1,174.91
225,P006,C1008,2024/03/15,1,120.03
226,P006,C1019,2024-08-21,3,46.39
227,P003,C1022,2024/12/05,1,124.54
228,P003,C1010,04/11/2024,,199.03
229,P002,C1027,2024-04-13,1,149.32
230,P005,C1024,2024-04-04,1,49.21
231,P008,C1040,01/01/2024,,52.26
232,P005,C1000,08/01/2024,3,150.26
233,P004,C1014,2024/07/23,,132.96
234,P004,C1016,2024-11-06,2,92.17
235,P002,C1016,2024/07/08,,129.62
236,P007,C1042,2024/08/15,2,108.46
237,P003,C1006,11/11/2024,2,182.55
238,P001,C1012,2024-05-18,,158.53
239,P006,C1030,02/28/2024,3,48.94
240,P001,C1029,2024/11/26,1,87.96
241,P004,C1039,2024/11/06,1,148.52
242,P006,C1000,11/02/2024,2,85.93
243,P002,C1016,2024/07/14,,76.89
244,P002,C1025,04/10/2024,3,194.58
245,P008,C1041,2024-04-06,,46.69
246,P004,C1018,2024/03/12,2,98.93
247,P003,C1016,08/12/2024,,81.46
248,P007,C1022,2024-11-06,,161.78
249,P004,C1040,11/10/2024,2,91.4
250,P002,C1036,11/12/2024,2,20.83
251,P006,C1000,2024/03/17,3,12.84
252,P004,C1009,02/21/2024,3,29.28
253,P004,C1025,03/25/2024,1,49.61
254,P003,C1035,2024-10-23,,181.3
255,P005,C1028,2024-04-16,3,24.93
256,P002,C1030,09/04/2024,1,167.13
257,P008,C1015,09/02/2024,1,143.07
258,P008,C1020,2024/03/18,1,40.46
259,P008,C1023,2024/12/19,1,169.7
260,P007,C1041,2024-07-22,,78.46
261,P001,C1021,2024/01/20,,186.97
262,P002,C1026,2024-09-16,1,50.53
263,P003,C1033,06/04/2024,1,100.15
264,P004,C1018,05/14/2024,1,115.26
265,P005,C1017,06/27/2024,1,105.7
266,P006,C1045,2024-04-21,1,46.53
267,P005,C1035,2024-03-19,1,85.78
268,P007,C1002,09/19/2024,1,30.61
269,P004,C1039,2024-08-20,3,182.86
270,P007,C1043,2024/10/05,,140.92
271,P002,C1011,2024/04/02,2,128.79
272,P002,C1041,11/06/2024,1,183.67
273,P001,C1019,06/28/2024,3,144.92
274,P003,C1037,2024-07-02,2,117.59
275,P001,C1026,2024-08-19,1,157.01
276,P007,C1042,2024/08/03,2,122.82
277,P003,C1030,2024/08/25,1,25.75
278,P004,C1042,03/21/2024,1,11.76
279,P002,C1046,2024-02-07,2,13.37
280,P004,C1047,2024-08-24,1,79.51
281,P003,C1031,12/25/2024,,115.91
282,P008,C1000,2024/11/09,1,12.16
283,P002,C1031,2024/07/10,3,41.53
284,P001,C1010,2024/06/12,2,99.25
285,P003,C1030,2024-02-12,,162.34
286,P007,C1039,08/09/2024,1,63.17
287,P006,C1037,2024-10-24,3,168.19
288,P007,C1014,2024/04/13,2,124.33
289,P008,C1010,05/23/2024,1,60.91
290,P001,C1035,2024/05/27,1,62.02
291,P008,C1024,2024/06/18,3,102.09
292,P004,C1029,2024/12/08,1,138.75
293,P004,C1034,05/19/2024,2,112.7
294,P006,C1033,2024/02/08,3,180.41
295,P006,C1005,2024-08-17,1,50.4
296,P003,C1049,2024/12/10,3,78.18
297,P003,C1029,04/02/2024,1,80.61
298,P002,C1038,2024-03-11,1,63.29
299,P001,C1013,2024/02/02,2,121.47
300,P005,C1008,05/14/2024,3,165.57
